id	chapter	word	meaning	frequency
1	1	confirm	確認する；裏付ける	6
6	1	behavior	行動；ふるまい	4
11	1	distribution	分配、流通、配布	4
16	1	nutrients	栄養素	4
21	1	assignment	課題、任務、割り当て	3
26	1	describe	説明する；描写する	3
31	1	habitat	生息地	3
36	1	noticeable	目立つ；気づきやすい	3
41	1	reliable	信頼できる；頼りになる	3
46	1	supplies	供給品；供給する	3
51	1	vulnerable	傷つきやすい；無防備な	3
56	1	acceptable	受け入れられる；許容できる	2
61	1	anemophily	風媒；風による受粉	2
66	1	approval	承認、賛成、許可	2
71	1	awareness	気づき；認識	2
76	1	cognition	認知；認識	2
81	1	concern	心配；懸念；関係する	2
86	1	consider	考慮する、検討する	2
91	1	coordinating	調整している、まとめている	2
96	1	detects	検知する；発見する	2
101	1	dove	ハト（平和の象徴）	2
106	1	encounter	出会う；遭遇する	2
111	1	Ethical	倫理的な	2
116	1	expires	期限が切れる；失効する	2
121	1	fair	公平な	2
126	1	feed	餌を与える；供給する	2
131	1	fluidity	流動性	2
136	1	grain	粒；穀物	2
141	1	harmful	有害な	2
146	1	inclusive	包括的な、包摂的な	2
151	1	inform	知らせる；通知する	2
156	1	integrity	完全性；健全性	2
161	1	leaky	漏れやすい	2
166	1	molecules	分子	2
171	1	otherwise	さもなければ；それ以外は	2
176	1	perspectives	視点、観点	2
181	1	presence	存在；出席	2
186	1	proposed	提案した；提案された	2
191	1	recognize	認識する；見分ける	2
196	1	remaining	残っている	2
201	1	reserve	予約する；確保する	2
206	1	seed	種；種をまく	2
211	1	shipping	出荷；配送	2
216	1	stiff	硬い；こわばった	2
221	1	take turns	交代で行う；順番にする	2
226	1	tropics	熱帯地域	2
231	1	unsure	確信がない；不安な	2
236	1	whether	〜かどうか	2
241	1	a cascade of	一連の；連鎖的な	1
246	1	abnormally	異常に；正常でなく	1
251	1	accommodating	配慮のある；融通の利く	1
256	1	accuracy	正確さ；精度	1
261	1	additional	追加の；さらなる	1
266	1	adjustments to	〜への調整；〜の修正	1
271	1	affairs	事柄；情勢	1
276	1	aiming	狙っている、目指している	1
281	1	along	〜に沿って；いっしょに	1
286	1	amounts of	〜の量；多量の	1
291	1	annoying	いらいらさせる；うっとうしい	1
296	1	appear	現れる；〜のように見える	1
301	1	appointment	予約；約束	1
306	1	aquatic life	水生生物	1
311	1	arranging	整理すること；手配すること	1
316	1	as long as	〜する限り、〜である限り	1
321	1	assemblies	集会；議会；組み立て品	1
326	1	attach to	〜に付着する；〜に取り付ける	1
331	1	attitude	態度；考え方	1
336	1	balance A with B	AとBのバランスを取る	1
341	1	basement	地下室	1
346	1	be required	必要とされる；義務づけられる	1
351	1	benefits policies	福利厚生方針；給付制度	1
356	1	boundaries	境界；限界	1
361	1	brushwork	筆致；筆づかい	1
366	1	buried	埋められた；埋葬された	1
371	1	by following	〜に従うことで	1
376	1	carbon dioxide gas	二酸化炭素ガス	1
381	1	carve	彫る；刻む	1
386	1	celestial	天体の；天空の	1
391	1	centers	中心を置く；集中させる	1
396	1	Charitable	慈善の；寛大な	1
401	1	circadian rhythms	概日リズム；体内時計の周期	1
406	1	civilization	文明；文明社会	1
411	1	clarifying	明確にしている、説明している	1
416	1	closer	より近い；より近く	1
421	1	coastline	海岸線	1
426	1	colide	衝突する	1
431	1	come to(段々するようになる)	次第に〜するようになる	1
436	1	compaction	圧密；圧縮	1
441	1	complicate	複雑にする；ややこしくする	1
446	1	comprehension	理解；把握	1
451	1	conducted	伝導された；実施された	1
456	1	configure	設定する；構成する	1
461	1	confusion	混乱；困惑	1
466	1	conserve soil and protect remaining resources	土壌を保全し、残りの資源を守る	1
471	1	consistent	一貫した；矛盾しない	1
476	1	contemporary	現代の；同時代の	1
481	1	contract	契約（名詞）；契約する（動詞）	1
486	1	conversation tables	会話テーブル；会話練習の場	1
491	1	cope	うまく対処する；切り抜ける	1
496	1	crops	作物	1
501	1	cues(合図)	合図；きっかけ	1
506	1	curved figures	曲線的な図形	1
511	1	deal with	対処する；扱う	1
516	1	decisions	決定；判断	1
521	1	defecation	排便；排泄	1
526	1	demands of	〜の要求	1
531	1	depart from	〜から逸脱する；〜を出発する	1
536	1	depth	深さ；奥行き	1
541	1	detect	検知する、見つける	1
546	1	digest	消化する；理解する	1
551	1	disappointed	失望した；がっかりした	1
556	1	dispersing	分散させること；散らばること	1
561	1	dissolves	溶ける；溶かす	1
566	1	distinguish	区別する；見分ける	1
571	1	diversified	多様化した	1
576	1	domesticate	飼いならす；家畜化する	1
581	1	drawback	欠点；不利な点	1
586	1	drives the process of	〜の過程を進める；〜を動かしている	1
591	1	duties	義務；職務	1
596	1	ecological	生態学的な；環境の	1
601	1	efforts	努力；取り組み	1
606	1	elevations	標高；高度	1
611	1	emphasize	強調する	1
616	1	encouraged	励ました；促進した	1
621	1	enhance	高める；向上させる	1
626	1	Enroll	登録する；履修登録する	1
631	1	equips	備えさせる；身につけさせる	1
636	1	essentially	本質的に；要するに	1
641	1	ever since	それ以来ずっと	1
646	1	examining	調査している；詳しく調べること	1
651	1	excitement	興奮；わくわく感	1
656	1	existing beliefs	既存の信念；すでに持っている思い込み	1
661	1	expense	費用；出費	1
666	1	exploing	探求すること（exploring の綴り揺れ）	1
671	1	extends	広がる；及ぶ	1
676	1	extraordinary	並外れた；非常に優れた	1
681	1	facility	施設；設備	1
686	1	familiar phenomena	身近な現象	1
691	1	feeding	摂食、えさをとること	1
696	1	Fibroblasts	線維芽細胞	1
701	1	find(感じる)	感じる；〜と思う	1
706	1	flora	植物相；植物群	1
711	1	force	強いる	1
716	1	formal	形式的な；正式な	1
721	1	fostering	育むこと；促進すること	1
726	1	frequent	頻繁な	1
731	1	fulfill	果たす；実現する；満たす	1
736	1	gather data	データを収集する	1
741	1	geometric	幾何学的な	1
746	1	gradually	徐々に；少しずつ	1
751	1	grocery	食料品；食料品店	1
756	1	hallway	廊下	1
761	1	harms	害；損害	1
766	1	head over	～へ向かう	1
771	1	heartburn	胸やけ	1
776	1	hinges on	〜にかかっている	1
781	1	household	家庭、世帯	1
786	1	Hydraulic	水力の；液圧の	1
791	1	identification	身元確認；識別	1
796	1	implications	含意、影響、示唆	1
801	1	in person	直接会って；対面で	1
806	1	increasingly	ますます；次第に	1
811	1	infection	感染；感染症	1
816	1	ingredients	成分；材料	1
821	1	initiative	主導性；自発性	1
826	1	insomnia	不眠症	1
831	1	instinctive	本能的な；直感的な	1
836	1	insulation materials	断熱材	1
841	1	interactive	双方向の；対話的な	1
846	1	inventory	在庫；目録	1
851	1	involve	含む；伴う；巻き込む	1
856	1	irrelevant	無関係な；重要でない	1
861	1	just in case	念のため；万が一に備えて	1
866	1	Kinship	親族関係；血縁	1
871	1	last-minute	直前の；土壇場の	1
876	1	launching	開始；立ち上げ	1
881	1	legal codes	法典；法律の規定	1
886	1	lie in	〜にある；〜に存する	1
891	1	likelihood	可能性；見込み	1
896	1	lit(lightの過去分詞)	明るくされた；照らされた	1
901	1	lost and found	遺失物取扱所	1
906	1	mail carrier	郵便配達員	1
911	1	make sense	意味をなす；理にかなう	1
916	1	mark A as B	AをBとして記入する；AをBとみなして印を付ける	1
921	1	matter(重要である)	重要である；問題になる	1
926	1	membranes	膜	1
931	1	minimize	最小限にする	1
936	1	momentarily	一時的に；しばらくの間	1
941	1	mountain passes	山道；峠道	1
946	1	mutuality	相互関係；相互性	1
951	1	none of the bins	ごみ箱はどれもない；ごみ箱のいずれも	1
956	1	not up for it	それをする気がない、乗り気ではない	1
961	1	notify	知らせる；通知する	1
966	1	observable	観察可能な；目に見える	1
971	1	on the upside	良い面では	1
976	1	opportunity	機会；好機	1
981	1	ordinary	普通の；ありふれた	1
986	1	organizing committee	実行委員会；組織委員会	1
991	1	outsider	部外者、外部の人	1
996	1	overtime	時間外労働；残業	1
1001	1	paperwork	書類仕事；事務手続き	1
1006	1	participate	参加する	1
1011	1	passing through	通り抜ける、通過する	1
1016	1	peer-led	仲間主導の	1
1021	1	perishable	傷みやすい；腐りやすい	1
1026	1	phospholipid	リン脂質；細胞膜の構成物質	1
1031	1	physical laws	物理法則	1
1036	1	plaques	歯垢（複数）；プラーク	1
1041	1	pods(さや)	さや；豆果	1
1046	1	pollen	花粉	1
1051	1	poses a problem	問題を引き起こす	1
1056	1	praise	称賛する；称賛	1
1061	1	predictable	予測可能な	1
1066	1	prescription	処方箋、処方	1
1071	1	prevent	防ぐ；妨げる	1
1076	1	principled	信念のある；倫理に基づく	1
1081	1	processed	処理された；加工された	1
1086	1	promoted	昇進させた；促進した	1
1091	1	proud	誇りに思う；自尊心のある	1
1096	1	punishments	罰；処罰	1
1101	1	quarterly	四半期ごとの	1
1106	1	reaching	到達すること	1
1111	1	reciprocal	相互の；相手方の；逆数	1
1116	1	refer to A as B	AをBと呼ぶ	1
1121	1	regular	規則的な；定期的な	1
1126	1	reject	拒絶する；却下する	1
1131	1	rely	頼る、依存する	1
1136	1	repair person	修理工、修理業者	1
1141	1	replenish	補充する；回復させる	1
1146	1	requirements	要件；必要条件	1
1151	1	resists	抵抗する；耐える	1
1156	1	restrict	制限する；限定する	1
1161	1	revise	修正する；見直す	1
1166	1	rigorous	厳格な；厳しい	1
1171	1	roll out	展開する；導入する	1
1176	1	salmon	サケ	1
1181	1	screening	選考；上映；検査	1
1186	1	seemingly	一見すると、見たところ	1
1191	1	sense of unity	一体感、結束感	1
1196	1	serves	仕える；役立つ；提供する	1
1201	1	several distinct	いくつかの明確に異なる	1
1206	1	shells	貝殻；殻	1
1211	1	signatures	特徴的なしるし、署名	1
1216	1	snap	ぱちんと折れる；急に怒る；写真を撮る	1
1221	1	solids	固体	1
1226	1	specialization	専門化；専門分野	1
1231	1	spontaneous	自発的な；自然発生的な	1
1236	1	steer	操縦する、進路を取る	1
1241	1	sticky	ねばつく；べたつく	1
1246	1	strengthen	強化する；強くする	1
1251	1	Study cubicles	個別学習ブース；仕切られた学習席	1
1256	1	supply room	備品室；物品保管室	1
1261	1	survival	生存	1
1266	1	swapp	交換する（swap の綴り違いの可能性）	1
1271	1	tailored(条件に合わせられた)	条件に合わせた；特注の	1
1276	1	tastes	好み；味覚	1
1281	1	that could help	それが役に立つかもしれない	1
1286	1	thermal	熱の；温度に関する	1
1291	1	Through this experience	この経験を通じて	1
1296	1	time slot	時間枠；予定された時間帯	1
1301	1	tissue remodeling	組織再構築	1
1306	1	tossing	投げること；放り込むこと	1
1311	1	transcript	成績証明書；記録文書	1
1316	1	tropical forests	熱帯林	1
1321	1	uncertainty	不確実性；不安	1
1326	1	unexpected	予期しない；不意の	1
1331	1	unusual	珍しい；普通でない	1
1336	1	urbanization	都市化	1
1341	1	variations in	〜における変動；〜の違い	1
1346	1	verify	検証する；確認する	1
1351	1	vital	極めて重要な；生命に関わる	1
1356	1	wakeful	目が覚めている；眠れない	1
1361	1	water(水をかける)	水をかける；水やりする	1
1366	1	weekdays	平日	1
1371	1	whenever	〜するときはいつでも	1
1376	1	wonder	不思議に思う；驚嘆する；驚異	1
1381	1	wound healing	創傷治癒	1
2	2	absorb	吸収する	5
7	2	certain	ある特定の；確かな	4
12	2	encourage	励ます；促す	4
17	2	perception	知覚；認識	4
22	2	beneath	〜の下に	3
27	2	distribute	配布する；分配する	3
32	2	harsh	厳しい；過酷な	3
37	2	over time	時間とともに	3
42	2	relieved	安心した；ほっとした	3
47	2	supply	供給；供給する	3
52	2	weathering	風化	3
57	2	advertising	広告；広告活動	2
62	2	annual	年1回の；毎年の	2
67	2	arrangement	取り決め；配置	2
72	2	belonging	所属感；持ち物	2
77	2	collide	衝突する	2
82	2	conduct	伝導する；実施する	2
87	2	considerable	かなりの；相当な	2
92	2	define	定義する；明確にする	2
97	2	discomfort	不快感；苦痛	2
102	2	drowsy	眠い、うとうとした	2
107	2	encourages	促す；奨励する	2
112	2	evoke	呼び起こす、喚起する	2
117	2	express	表現する；急行の；急行便	2
122	2	fairness	公平さ；公正	2
127	2	fertilizer	肥料	2
132	2	foundation	基礎、土台	2
137	2	grasses	草類；イネ科植物	2
142	2	illustrate	説明する；図解する	2
147	2	inconspicuous	目立たない	2
152	2	infrared radiation	赤外線放射	2
157	2	interact with	〜と相互作用する；交流する	2
162	2	make sure	必ず〜する；確認する	2
167	2	mutual	相互の；共通の	2
172	2	oversimplified	単純化しすぎた	2
177	2	podium	演壇；表彰台	2
182	2	prevents	防ぐ；妨げる	2
187	2	psychological	心理学の；心理的な	2
192	2	refers	言及する、示す	2
197	2	renewable	再生可能な；更新できる	2
202	2	resist	抵抗する；妨げる	2
207	2	Seed dispersal	種子散布；種が広がること	2
212	2	side effect	副作用	2
217	2	subjective	主観的な	2
222	2	thoughtfully	思慮深く；丁寧に	2
227	2	turn in	提出する	2
232	2	vaccination	予防接種	2
237	2	while(一方で)	一方で；〜する間	2
242	2	a major step	大きな一歩；重要な進展	1
247	2	abrupt	急な；突然の	1
252	2	accompanying	付随する；同行する	1
257	2	accurate	正確な	1
262	2	addressing the problem	問題に取り組むこと	1
267	2	adolescence	青年期、思春期	1
272	2	after crossing time zones	複数の時間帯をまたいだ後に	1
277	2	align with	〜と一致する；足並みをそろえる	1
282	2	along familiar pathways	慣れた経路に沿って	1
287	2	amplifying	増幅すること；強めること	1
292	2	antacids	制酸剤；胃酸中和剤	1
297	2	appearance	外見；出現	1
302	2	appreciate	感謝する；正しく理解する	1
307	2	Archaeologists	考古学者たち	1
312	2	artworks	芸術作品	1
317	2	as we go	進みながら、その都度	1
322	2	assessment	評価；査定	1
327	2	attend	参加する、出席する	1
332	2	attracting	引きつけている	1
337	2	ballot	投票用紙；投票	1
342	2	be equipped with	〜を備えている	1
347	2	be responsible for	〜に責任がある；〜の原因となる	1
352	2	beyond	〜を越えて；〜の向こうに	1
357	2	breathable	通気性のある	1
362	2	budget	予算	1
367	2	bury	埋める	1
372	2	cactus	サボテン	1
377	2	cardio machine	有酸素運動マシン	1
382	2	caterpillar	イモムシ；毛虫	1
387	2	celestial bodies	天体	1
392	2	centers on	〜に焦点を当てる	1
397	2	checkups	健診；定期検診	1
402	2	circuit	回路；周回	1
407	2	civilizations	文明；文明社会	1
412	2	clarity	明快さ；明瞭さ	1
417	2	cloud of	たくさんの；雲のような塊の	1
422	2	coastlines	海岸線	1
427	2	collide with	～と衝突する	1
432	2	come up	起こる；持ち上がる	1
437	2	compassion	思いやり；慈悲	1
442	2	complication(面倒なこと)	面倒なこと；複雑化	1
447	2	concerns	懸念；心配事	1
452	2	conductor	導体；伝導体	1
457	2	confine	制限する；閉じ込める	1
462	2	consciousness	意識；自覚	1
467	2	consider with	〜を一緒に検討する	1
472	2	constraints	制約（複数）；制限	1
477	2	contents(整理する)	整理する；中身	1
482	2	controversial	論争の的となる	1
487	2	conversing	会話していること	1
492	2	copper	銅	1
497	2	crossed arms	腕を組んだ状態	1
502	2	cultivating	耕作している；育てている	1
507	2	custom(習慣)	習慣；慣習	1
512	2	decay	腐敗する；衰える	1
517	2	Decompose	分解する；腐敗する	1
522	2	definitely	確かに；間違いなく	1
527	2	democratic	民主的な	1
532	2	depend on	〜に依存する；〜次第である	1
537	2	description	説明、描写	1
542	2	device	装置；機器	1
547	2	digest the pulp	果肉を消化する	1
552	2	disconfort	不快感；居心地の悪さ	1
557	2	dispute	論争；異議を唱える	1
562	2	dissuade	～を思いとどまらせる；～を説得して諦めさせる	1
567	2	distracting	気を散らす；注意をそらす	1
572	2	divided	分割された；意見が分かれた	1
577	2	donates	与える；提供する	1
582	2	drawn	引かれた；引きつけられた	1
587	2	droppings	糞；排せつ物	1
592	2	duty	義務；責務	1
597	2	effective	効果的な、有効な	1
602	2	electrical	電気の；電気に関する	1
607	2	emerged	現れた；生じた	1
612	2	emphasized	強調された（形容詞）；強調した（動詞の過去形・過去分詞）	1
617	2	enduring	永続する；耐え抜く	1
622	2	enhances	高める；向上させる	1
627	2	ensuring sustainable land management.	持続可能な土地管理を確保すること	1
632	2	equivalence	同等性；等価	1
637	2	essentials	必需品；欠かせないもの	1
642	2	ever-stricter	ますます厳しい	1
647	2	excavate	発掘する；掘削する	1
652	2	exhibit	示す；展示する	1
657	2	exoskeleton	外骨格	1
662	2	expenses	費用（複数）；経費	1
667	2	exploration	探検、探究	1
672	2	extension	延長、延期	1
677	2	eye out for	注意して探す；目を配る	1
682	2	factor	要因；要素	1
687	2	fauna	動物相；動物群	1
692	2	fellow	仲間；同僚	1
697	2	fill in the form	用紙に記入する	1
702	2	first come	先着の	1
707	2	flower boxes	プランター；花箱	1
712	2	force farmers	農家に〜を強いる	1
717	2	forth	前へ；先へ	1
722	2	fosters	育む；促進する	1
727	2	frequently	頻繁に；しばしば	1
732	2	funded	資金提供された	1
737	2	gathering	集まり、会合；集めること	1
742	2	get involved in	〜に関わる；参加する	1
747	2	grasshoppers	バッタ	1
752	2	grooming	身づくろい；手入れ；毛づくろい	1
757	2	hang(吊るす)	吊るす；掛ける	1
762	2	harness	活用する；利用する	1
767	2	head to	〜へ向かう	1
772	2	heavily	大いに、重く	1
777	2	home(家庭)	家庭；家庭環境	1
782	2	how + adjective + S + V	どれほど〜か（感嘆構文）	1
787	2	hydrogen ions	水素イオン	1
792	2	illustrating	説明している；図示している	1
797	2	imprinted	刻み込まれた、刷り込まれた	1
802	2	in search of	〜を探して；〜を求めて	1
807	2	indicate	示す、指し示す	1
812	2	inflammation	炎症	1
817	2	inhabit	住む；生息する	1
822	2	initiative(新しい取り組み)	新しい取り組み；主導権	1
827	2	inspection	検査；点検	1
832	2	instructed	指示した；教えた	1
837	2	insurance	保険	1
842	2	interest rates	金利	1
847	2	invisible	目に見えない	1
852	2	involvement	関与；参加	1
857	2	irrigate	灌漑する；水を引く	1
862	2	just past	ちょうど過ぎたところの	1
867	2	lack	欠如；欠けている	1
872	2	lasting	長続きする、永続的な	1
877	2	leading to	〜につながって	1
882	2	let A B	AにBさせる	1
887	2	lies in	〜にある、〜に起因する	1
892	2	limit to	〜に制限する	1
897	2	literal	文字どおりの	1
902	2	lot	多く；区画；くじ	1
907	2	maintaining	維持すること	1
912	2	make sense of	〜を理解する；意味をつかむ	1
917	2	marked	特徴づけられた；目立った	1
922	2	matters	重要である；事柄	1
927	2	mentioned	言及した	1
932	2	minor injury	軽いけが	1
937	2	monarch	monarch butterfly（オオカバマダラ）	1
942	2	mulching	マルチング（覆土）すること	1
947	2	myths	神話；誤った通念	1
952	2	Nonverbal	非言語の；言葉によらない	1
957	2	notation	表記法；記号法	1
962	2	nutrients essential	必須栄養素	1
967	2	observing	観察している	1
972	2	on time	時間通りに	1
977	2	opposite	反対の；向かい側	1
982	2	organ	器官	1
987	2	orient themselves	自分の位置や方向を把握する	1
992	2	overconfidence	過信；自信過剰	1
997	2	pack	詰める；荷造りする	1
1002	2	papyrus	パピルス；パピルス紙	1
1007	2	Participating	参加していること	1
1012	2	passive	受動的な；自然任せの	1
1017	2	peers	同僚；同年代の人々	1
1022	2	permanent	永続的な；恒久的な	1
1027	2	phospholipids	リン脂質	1
1032	2	pine forest	松林	1
1037	2	plays a key role	重要な役割を果たす	1
1042	2	poem	詩	1
1047	2	pollen grain	花粉粒	1
1052	2	possess	所有する；備えている	1
1057	2	pre-existing	既存の；以前から存在する	1
1062	2	predicting	予測している	1
1067	2	prescriptions	処方箋；処方薬の指示	1
1072	2	preventable	予防可能な；防げる	1
1077	2	privilege	特権；特別な権利	1
1082	2	productivity	生産性	1
1087	2	prompt reply	迅速な返信	1
1092	2	provide	提供する；与える	1
1097	2	purchasing supplies	備品を購入すること	1
1102	2	rainfall	降雨量、降雨	1
1107	2	readiness	準備ができている状態；即応性	1
1112	2	reciprocal obligations	相互の義務	1
1117	2	refined	洗練された、精製された	1
1122	2	regularly	定期的に；規則正しく	1
1127	2	relaxed setting	リラックスした環境	1
1132	2	rely on	〜に頼る；〜を当てにする	1
1137	2	repayment	返済	1
1142	2	replenished	補充された；回復した	1
1147	2	residence	住居；居住	1
1152	2	respond	反応する；返答する	1
1157	2	retention	保持；維持	1
1162	2	revising	修正している；見直している	1
1167	2	Rituals	儀式；習慣化された行為	1
1172	2	root	根；起源	1
1177	2	saying(〜と書かれている内容)	（掲示などに）〜と書かれている文言	1
1182	2	sculpture	彫刻；彫刻作品	1
1187	2	self-assembly	自己集合	1
1192	2	sensing	感知していること；察知	1
1197	2	serves as	～として機能する；～の役割を果たす	1
1202	2	Severe erosion	深刻な土壌侵食	1
1207	2	sheltering	守ること；避難させること	1
1212	2	since	〜以来；〜なので	1
1217	2	snap judgments	即断、早計な判断	1
1222	2	someone upstairs	上の階の人；上司（文脈による）	1
1227	2	species	種；種類	1
1232	2	stability	安定；安定性	1
1237	2	stems	茎；由来する	1
1242	2	stigma(雌蕊の先端)	柱頭；雌蕊の先端	1
1247	2	strengthening	強化すること	1
1252	2	substances	物質	1
1257	2	suprachiasmatic	視交叉上核の	1
1262	2	survival rates	生存率	1
1267	2	symptoms	症状	1
1272	2	take part in	参加する	1
1277	2	tectonic	地殻構造の；構造地質学の	1
1282	2	that's why	だからこそ、そういうわけで	1
1287	2	thermostat	サーモスタット；温度調節器	1
1292	2	thus	したがって；このように	1
1297	2	time-consuming	時間がかかる	1
1302	2	tissues(組織)	組織；薄い膜状の細胞群	1
1307	2	toward	〜に向かって；〜に対して	1
1312	2	transition	移行；変遷	1
1317	2	trust	信頼；信頼する	1
1322	2	undergo	経験する；受ける	1
1327	2	unity	団結；統一	1
1332	2	unwanted(不要な)	不要な；望まれない	1
1337	2	valid	有効な；妥当な	1
1342	2	vary	異なる；変化する	1
1347	2	vigorous	激しい；活発な	1
1352	2	vital to	〜に不可欠な；〜にとって極めて重要な	1
1357	2	walk-in hours	予約不要の受付時間	1
1362	2	water-loving	親水性の；水を好む	1
1367	2	weighing	比較検討すること；重さを量ること	1
1372	2	while I’m there	そこにいる間に	1
1377	2	wonder if	〜かどうかと思う	1
1382	2	wrapping up	締めくくっている；終わらせている	1
3	3	represent	表す；代表する	5
8	3	cohesion	結束、まとまり	4
13	3	gradual	徐々の；緩やかな	4
18	3	procedure	手順；手続き	4
23	3	colonize	植民する；定着する	3
28	3	emergency	緊急事態	3
33	3	inheritance	遺伝；相続	3
38	3	participants	参加者	3
43	3	reveal	明らかにする	3
48	3	thin	薄い；細い；希薄な；薄くする	3
53	3	within	〜以内に；〜の中で	3
58	3	airborne	空中を運ばれる；空気中の	2
63	3	appliances	電化製品；器具	2
68	3	arthropods	節足動物	2
73	3	bonds	絆；結びつき；債券	2
78	3	commerce	商業；取引	2
83	3	conduction	伝導	2
88	3	constant	一定の；絶え間ない	2
93	3	departure	出発；逸脱	2
98	3	disrupted	乱された；中断された	2
103	3	effectively	効果的に；うまく	2
108	3	enriches	豊かにする、価値を高める	2
113	3	expect	予期する；期待する	2
118	3	express shipping	速達配送、特急配送	2
123	3	fascinating	とても興味深い；魅力的な	2
128	3	figure out	理解する、解決する	2
133	3	fur	毛皮；体毛	2
138	3	guess	推測する；推測	2
143	3	immediately	すぐに；直ちに	2
148	3	indicates	示す；指し示す	2
153	3	injury	けが；損傷	2
158	3	interrupt	遮る、中断する	2
163	3	measurements	測定値；計測	2
168	3	nectar	花蜜	2
173	3	particles	粒子、微粒子	2
178	3	pollination	受粉	2
183	3	prior	以前の；優先する	2
188	3	radiation	放射；放熱	2
193	3	regarding	〜に関して	2
198	3	replacement	交換；取り替え	2
203	3	retain	保持する；維持する	2
208	3	seek out	探し出す；積極的に見つける	2
213	3	significance	重要性；意義	2
218	3	suggest	提案する；示唆する	2
223	3	thrive	繁栄する；よく育つ	2
228	3	unconsciously	無意識に	2
233	3	vast	広大な、莫大な	2
238	3	worth	価値；価値があること	2
243	3	a portion of	〜の一部；〜の分量	1
248	3	absence of	〜の不在；〜がないこと	1
253	3	according to	〜によると、〜に従って	1
258	3	acid(酸)	酸；酸性の物質	1
263	3	Addressing the problem of soil erosion	土壌侵食の問題に対処すること	1
268	3	adoption	採用；導入；養子縁組	1
273	3	agoutis	アグーチ類	1
278	3	all gone	すべてなくなった；全部消えた	1
283	3	along with(〜と一緒に)	〜と一緒に；〜に加えて	1
288	3	analogous	類似した、対応する	1
293	3	anther	葯（やく）	1
298	3	appeared	現れた；見えた	1
303	3	appreciation	良さの理解、鑑賞	1
308	3	argue about	～について口論する；議論する	1
313	3	As a consequence	その結果として	1
318	3	as well	〜もまた；同様に	1
323	3	at the site	現地で；その場所で	1
328	3	attendant	係員；付き添いの	1
333	3	avenues	手段；大通り	1
338	3	bamboo	竹	1
343	3	be gone	売り切れる；いなくなる	1
348	3	bees	ミツバチ；ハチ類	1
353	3	bilayer	二重層	1
358	3	breeding	繁殖	1
363	3	bug spray	虫除けスプレー	1
368	3	business days	営業日；平日換算の日数	1
373	3	campus identification card	学生証；キャンパスIDカード	1
378	3	care about	気にかける；大切に思う	1
383	3	cause(社会的価値のある行動)	（社会的）大義；公益的活動	1
388	3	celestial cues	天体の手がかり	1
393	3	certain(ある一部の)	ある一部の；特定の	1
398	3	chemical bonds	化学結合（複数）	1
403	3	circular	円形の、循環的な	1
408	3	claim	主張する；請求する	1
413	3	classified	分類された；機密扱いの	1
418	3	clue	手がかり；ヒント	1
423	3	cognitive	認知の、認識の	1
428	3	combine to	～するために結びつく；結合して～になる	1
433	3	come with	～が付いてくる；～を伴う	1
438	3	compatible	両立する；適合する	1
443	3	composites	複合材料	1
448	3	conclude	結論づける；締めくくる	1
453	3	conductors	導体；指揮者たち	1
458	3	confined	限定された；閉じ込められた	1
463	3	consensus(合意)	合意；総意	1
468	3	considerations	検討事項；考慮点	1
473	3	consume	消費する；食べる；使い尽くす	1
478	3	context	文脈；状況；背景	1
483	3	convected	対流で運ばれた	1
488	3	cooperate	協力する	1
493	3	covers	覆う；対象に含む	1
498	3	crowded	混雑した；込み合った	1
503	3	curious	好奇心の強い；気になる	1
508	3	customs	慣習；風習	1
513	3	deceived	だました、欺いた	1
518	3	Decomposers	分解者	1
523	3	delayed	遅れた；延期された	1
528	3	demonstrate	実証する；示す	1
533	3	dependency	依存；依存関係	1
538	3	desease	病気	1
543	3	dialects	方言	1
548	3	dilemmas	ジレンマ；板挟み	1
553	3	discourage	思いとどまらせる；落胆させる	1
558	3	disrupt	混乱させる；妨げる	1
563	3	distant	遠い；よそよそしい	1
568	3	distraction	注意散漫、気散じ	1
573	3	divider	仕切り；分割するもの	1
578	3	downstairs	階下で、下の階へ	1
583	3	drifting	漂流する；漂う	1
588	3	due	〜が原因で；期限の	1
593	3	eager to	〜したがっている	1
598	3	efficacy	効力；有効性	1
603	3	electronic transfer	電子送金、電子振替	1
608	3	emerging markets	新興市場	1
613	3	emphasizing	強調すること	1
618	3	enforcing	施行している；強制している	1
623	3	enhancing	高めること；向上させること	1
628	3	ensuring that	〜を確実にすること	1
633	3	erode	浸食する；徐々に失わせる	1
638	3	etiquette	礼儀作法；マナー	1
643	3	Everyday examples	日常的な例	1
648	3	exceptional	並外れた；例外的な	1
653	3	exhibit(示す)	示す；表す	1
658	3	expand	拡大する；広げる	1
663	3	expert	専門家；熟練した	1
668	3	exploring	探求している、探検している	1
673	3	extra hour	追加の1時間	1
678	3	facial	顔の；顔面の	1
683	3	faculty member	教員、教職員	1
688	3	feature(動詞)	特徴として含む；呼び物にする	1
693	3	fellow students	学友；同じ学校の学生	1
698	3	fill up	いっぱいにする；満タンにする	1
703	3	first(副詞)	最初に；まず	1
708	3	fluid	流体；液体	1
713	3	forecasting	予測すること；予報	1
718	3	Foster	育成する；促進する	1
723	3	found on	〜で見られる；〜に見つかる	1
728	3	frequentry	頻繁に	1
733	3	fungi	菌類；菌	1
738	3	gazebo	東屋；あずまや	1
743	3	give it a shot	やってみる；試してみる	1
748	3	gravitational	重力の	1
753	3	habitat loss	生息地の喪失	1
758	3	happen	起こる；（行事が）開催される	1
763	3	harnessing	活用している；利用している	1
768	3	heading to	〜へ向かって	1
773	3	help with	〜を手伝う	1
778	3	honesty	正直さ	1
783	3	hues	色合い；色調	1
788	3	hypothesis	仮説	1
793	3	imagine	想像する；思い描く	1
798	3	impulsive	衝動的な	1
803	3	incorporate	組み込む；取り入れる	1
808	3	inefficient	非効率な	1
813	3	influence	影響；影響を与える	1
818	3	initial	最初の；初期の	1
823	3	insects	昆虫	1
828	3	inspiring	感動させる、鼓舞する	1
833	3	instructions	指示、説明	1
838	3	intends	意図する；つもりである	1
843	3	interpret	解釈する	1
848	3	invitation	招待；招待状	1
853	3	involves	含む；伴う	1
858	3	irrigation	灌漑；洗浄	1
863	3	just to be sure	確認のために；万が一に備えて	1
868	3	lack access to	〜へのアクセスがない	1
873	3	lately	最近	1
878	3	lean	寄りかかる；傾く；引き締まった	1
883	3	lets	〜させる；〜を可能にする	1
888	3	lifelike portraits	本物そっくりの肖像画	1
893	3	lineage	血統；系統	1
898	3	little or no	ほとんどない；わずかしかない	1
903	3	lunch(お弁当)	昼食；弁当	1
908	3	maintaining agricultural productivity	農業生産性を維持すること	1
913	3	male part of the flower	花の雄性部分	1
918	3	marks(記念する)	記念する；示す	1
923	3	means	手段；方法；意味する	1
928	3	metabolic disease	代謝性疾患	1
933	3	miss(欠席)	欠席する；逃す	1
938	3	monetary	金銭の	1
943	3	multi-layered	多層の	1
948	3	negotiate	交渉する；取り決める	1
953	3	norms	規範；標準	1
958	3	notice board	掲示板	1
963	3	nutritional	栄養の；栄養学上の	1
968	3	obtain	入手する；得る	1
973	3	online(副詞)	オンラインで；ネット上で	1
978	3	optimizing	最適化している	1
983	3	organize	整理する；計画する	1
988	3	orientation	オリエンテーション；適応指導	1
993	3	overlap	重なる；重複する	1
998	3	packet	小包；資料一式	1
1003	3	paramount	最も重要な	1
1008	3	particle	粒子；微小な一片	1
1013	3	past	過去；〜を過ぎて	1
1018	3	per day	1日あたり	1
1023	3	permit	許可する；許可証	1
1028	3	photon	光子	1
1033	3	pitfall	落とし穴、落としどころの悪い点	1
1038	3	plaza	広場	1
1043	3	point to A as B	AをBだと指摘する	1
1048	3	pollinators	花粉媒介者；受粉を助ける生物	1
1053	3	pottery	陶器；陶芸	1
1058	3	precise	正確な；精密な	1
1063	3	predictions	予測、予言	1
1068	3	presence of	〜の存在	1
1073	3	previous	前の；以前の	1
1078	3	privileges	特権；優遇	1
1083	3	profoundly	深く；強く	1
1088	3	proof	証拠；証明	1
1093	3	providing	提供している；与えている	1
1098	3	purely	純粋に；全く	1
1103	3	rapidly	急速に	1
1108	3	reassurance	安心させること；安心材料	1
1113	3	reciprocity	相互性；互恵性	1
1118	3	reflect on	～について熟考する；振り返る	1
1123	3	reimbursement	払い戻し；償還	1
1128	3	relevance	関連性；妥当性	1
1133	3	remain open	開いたままでいる；営業を続ける	1
1138	3	repel	はねつける；反発させる	1
1143	3	representatives	代表者；担当者	1
1148	3	residents	住民	1
1153	3	responsibility	責任；任務	1
1158	3	retina	網膜	1
1163	3	revisions	修正；改訂	1
1168	3	road trip	車での旅行	1
1173	3	roughly	およそ；大まかに	1
1178	3	scale	規模；尺度；拡大する	1
1183	3	secrete	分泌する	1
1188	3	self-awareness	自己認識；自分自身への気づき	1
1193	3	sensitive to	〜に敏感な	1
1198	3	serving as food	食物として役立つ；餌になる	1
1203	3	shade(色合い)	色合い；濃淡	1
1208	3	side by side	並んで、隣り合って	1
1213	3	sincerely	心から；誠実に	1
1218	3	snug	ぴったりした；心地よい	1
1223	3	soundproof	防音の	1
1228	3	specifies	指定する；明記する	1
1233	3	stand for	〜を表す；〜を支持する	1
1238	3	stereotype	固定観念、ステレオタイプ	1
1243	3	stomach	胃	1
1248	3	strict	厳しい	1
1253	3	substitution	代用；置き換え	1
1258	3	surplus	余剰；過剰な	1
1263	3	survive and thrive	生き残って繁栄する；成功する	1
1268	3	sync	同期；同調	1
1273	3	take up	取り込む；占める	1
1278	3	tend to	〜しがちである	1
1283	3	the gulf stream	メキシコ湾流	1
1288	3	though	〜だけれども	1
1293	3	tide	潮；潮の満ち引き	1
1298	3	timeline	予定表、時間軸	1
1303	3	to join me	私と一緒に参加すること	1
1308	3	track	追跡する；記録する	1
1313	3	transmit	伝える；伝達する	1
1318	3	turn up	現れる；姿を見せる；音量を上げる	1
1323	3	underperform	実力以下の成果しか出せない	1
1328	3	unlike	〜と違って	1
1333	3	up to	〜まで；〜次第で	1
1338	3	vanish	消える；姿を消す	1
1343	3	vehicle	乗り物；車両	1
1348	3	vinegar	酢	1
1353	3	volunteered	自発的に申し出た；志願した	1
1358	3	warranty claims	保証請求；保証に関する申し立て	1
1363	3	water-tailing	疎水性の；水に不溶の	1
1368	3	well-intentioned	善意の；善かれと思った	1
1373	3	wholeness	全体性、完全性	1
1378	3	wooden	木製の；ぎこちない	1
1383	3	yield	収穫量、産出量	1
4	4	above	上に、上方に；上記の	4
9	4	conservation	保全；保存	4
14	4	interact	相互作用する；交流する	4
19	4	abandon	放棄する	3
24	4	crucial	極めて重要な；決定的な	3
29	4	equipment	設備；機器	3
34	4	maintain	維持する；保つ	3
39	4	perceive	知覚する、認識する	3
44	4	significant	重要な、かなりの	3
49	4	unless	〜でない限り	3
54	4	withstand	耐える；持ちこたえる	3
59	4	align	一致させる；整列させる	2
64	4	Appreciating	理解すること；認識すること	2
69	4	assistance	援助；手助け	2
74	4	boredom	退屈	2
79	4	complementary	補完的な、補足し合う	2
84	4	conductivity	伝導性；導電性	2
89	4	continents	大陸	2
94	4	describes	説明する；描写する	2
99	4	distorts	ゆがめる；歪曲する	2
104	4	effort	努力；尽力	2
109	4	ensure	確実にする、保証する	2
114	4	expectations	期待；予想	2
119	4	expression	表現；言い回し	2
124	4	fear	恐れ；恐れる	2
129	4	file a complaint	苦情を申し立てる；不満を訴える	2
134	4	gather	集める；集まる	2
139	4	handle	処理する、対応する	2
144	4	in advance	前もって	2
149	4	inequalities	不平等、不均衡	2
154	4	insulation	断熱、絶縁	2
159	4	invention	発明	2
164	4	milder	より穏やかな、より温暖な	2
169	4	observation	観察；所見	2
174	4	pathway	経路；通り道	2
179	4	practical	実用的な；現実的な	2
184	4	promote	促進する；推進する	2
189	4	re-emit	再放出する	2
194	4	registration	登録、申込	2
199	4	representation	表現；表象	2
204	4	revised	改訂された；修正された	2
209	4	settle	決着をつける、解決する	2
214	4	sneeze	くしゃみをする	2
219	4	suitable	適した；ふさわしい	2
224	4	throughout	〜の至る所に；〜の間ずっと	2
229	4	uncover	発見する；明らかにする	2
234	4	via	〜を通じて；〜経由で	2
239	4	wrapped it up	それを終えた、まとめた	2
244	4	a set of symbols	記号の集合；記号体系	1
249	4	accepted	受け入れられた；認められた	1
254	4	acculturation	文化変容；異文化適応	1
259	4	across	〜を横切って；〜の向こう側に；〜全体にわたって	1
264	4	adjust	調整する；慣れる	1
269	4	adulthood	成人期	1
274	4	agreements	合意；協定	1
279	4	all of which	そのすべてが	1
284	4	aloud	声に出して	1
289	4	anatomical	解剖学の；身体構造の	1
294	4	anther(雄蕊の先端)	葯；雄蕊の先端	1
299	4	appliance	電化製品；器具	1
304	4	approve	承認する；賛成する	1
309	4	around now	今ごろ、ちょうど今	1
314	4	As far as I can tell	私が見たところでは；私の知る限り	1
319	4	aspect	側面；観点	1
324	4	atom	原子	1
329	4	attention to	〜に注意を払うこと；〜への配慮	1
334	4	away from	〜から離れて	1
339	4	banquet	宴会；祝宴	1
344	4	be known for	〜で知られている	1
349	4	belong to	〜に属する；〜のものである	1
354	4	bins	ふた付き容器；ごみ箱	1
359	4	brick	れんが；れんが状の物	1
364	4	build trust	信頼を築く	1
369	4	but also	しかしまた、〜だけでなく	1
374	4	can you make it at that time	その時間に来られますか	1
379	4	caring for	世話をする；面倒を見る	1
384	4	cautious	慎重な；用心深い	1
389	4	cell proliferation	細胞増殖	1
394	4	certificate	証明書；修了証	1
399	4	chitin	キチン	1
404	4	circulating fluids	循環する流体	1
409	4	claim(受け取る・引き取る)	受け取る；引き取る；請求する	1
414	4	clear away	取り除く；片付ける	1
419	4	clues	手がかり；ヒント	1
424	4	coincidence	偶然の一致	1
429	4	combined	組み合わせられた	1
434	4	commitment	約束；責任；専念	1
439	4	compel	強いる；強制する	1
444	4	compositions	構成；作品	1
449	4	concrete problems	具体的な問題	1
454	4	conferencing	会議（特にオンライン会議）を行うこと	1
459	4	conform to	〜に従う；一致する	1
464	4	consequences	結果；影響	1
469	4	considering	考慮している；〜を踏まえると	1
474	4	consumption	消費；摂取	1
479	4	continental	大陸の	1
484	4	convenience	利便性；都合のよさ	1
489	4	coordinated	連携した；調整された	1
494	4	cozy	居心地のよい；くつろいだ	1
499	4	crucial time	重大な時期；正念場	1
504	4	currency	通貨；貨幣	1
509	4	cycle(洗濯機のボタン)	（洗濯機の）コース；サイクル	1
514	4	decide against	〜しないことに決める	1
519	4	decomposition	分解；腐敗	1
524	4	deli	デリカテッセン（惣菜・食料品店）	1
529	4	density	密度	1
534	4	depending	〜に応じて；依存して	1
539	4	deserts	砂漠	1
544	4	dietary	食事の；食事に関する	1
549	4	dine	食事をする	1
554	4	disorient	方向感覚を失わせる	1
559	4	disrupted(乱される)	乱される；中断される	1
564	4	distinct	明確に異なる；はっきりした	1
569	4	distractions	注意をそらすもの；気晴らし	1
574	4	dividing	分けること、分割	1
579	4	drainage	排水；排水設備	1
584	4	drifts by	漂って通り過ぎる	1
589	4	due to	〜が原因で；〜のために	1
594	4	earlier today	今日の少し前に；本日先ほど	1
599	4	efficient	効率的な；有能な	1
604	4	electrons	電子	1
609	4	emerging(現れつつある)	現れつつある；新興の	1
614	4	empowering entrepreneur	起業家に力を与えること	1
619	4	engineered	設計された；工学的に作られた	1
624	4	enormous	巨大な；莫大な	1
629	4	entire	全体の；完全な	1
634	4	erosion	侵食；浸食	1
639	4	evaporation	蒸発	1
644	4	everyday items	日用品；日常的な品物	1
649	4	excess	過剰；余分	1
654	4	exhibition	展示会；展覧会	1
659	4	expansion	拡大；拡張	1
664	4	expertise	専門知識；熟練	1
669	4	expose to	〜にさらす	1
674	4	extra hours	追加の時間；残業時間	1
679	4	facilitate	促進する；容易にする	1
684	4	faded	色あせた；弱まった	1
689	4	features	特徴（複数）；機能（複数）	1
694	4	fertile	肥沃な；多産の	1
699	4	finalize(完成)	完成させる；最終決定する	1
704	4	fizz	泡立つ音；発泡する	1
709	4	follow conversations	会話についていく；会話を理解する	1
714	4	forest	森林	1
719	4	fostered	育てた；促進した；養われた	1
724	4	founded on	〜に基づいた；〜を土台とした	1
729	4	From now on	今後は、これからは	1
734	4	gain	得る；増加	1
739	4	genre	ジャンル；様式	1
744	4	glasses	眼鏡；グラス類	1
749	4	greater	より大きい、より偉大な	1
754	4	habits	習慣	1
759	4	harden into	〜へと硬化する；〜になるまで固まる	1
764	4	have control over	〜を管理している；〜を支配している	1
769	4	healing	治癒；回復	1
774	4	herbivores	草食動物	1
779	4	hooks	フック；鉤	1
784	4	human diets	人間の食生活；人の食性	1
789	4	I an open to	～に前向きである；～を受け入れる姿勢がある	1
794	4	immediate	即時の；差し迫った	1
799	4	in charge of	〜を担当して；〜の責任者で	1
804	4	incorporate A into B	AをBに組み込む	1
809	4	inequality	不平等；格差	1
814	4	informed	知らされた；情報に通じた	1
819	4	initially	当初は；最初に	1
824	4	insight	洞察；深い理解	1
829	4	instead	その代わりに	1
834	4	instruments	道具；器具；計器	1
839	4	intentions	意図；意向	1
844	4	intriguing	興味をそそる；魅力的な	1
849	4	invite	招待する、誘う	1
854	4	involving	含んでいる；伴う	1
859	4	is home to	～が生息している；～の本拠地である	1
864	4	keep in touch with 人	人と連絡を取り合う	1
869	4	land or change farming strategies	土地を手放す、または農業戦略を変える	1
874	4	later this weekend	今週末の後半に	1
879	4	leaning	傾向；傾いていること	1
884	4	levees	堤防	1
889	4	light detection	光の検知；光の感知	1
894	4	link to	〜につながる；〜に結びつける	1
899	4	locate	位置を特定する；見つける	1
904	4	lyrics	歌詞	1
909	4	make A B	AをBにする	1
914	4	malfunction	故障；不具合；故障する	1
919	4	mates	つがい；仲間	1
924	4	meet(間に合う)	（期限・条件に）間に合う；満たす	1
929	4	metamorphosis	変態；変化	1
934	4	modified	変更された；修正された	1
939	4	moral	道徳的な；教訓	1
944	4	multicultural	多文化の	1
949	4	neuroscience	神経科学	1
954	4	not being collected	回収されていない；集められていない	1
959	4	notification	通知；連絡	1
964	4	obligation	義務；責任	1
969	4	offspring	子孫；子ども；子株	1
974	4	operates	作動する、運営する	1
979	4	orbits	軌道	1
984	4	organize(企画する)	企画する；整理する	1
989	4	outage	停止；供給中断	1
994	4	overlook	見落とす；見渡す	1
999	4	paintbrush	絵筆；ペイントブラシ	1
1004	4	parcel	小包；区画	1
1009	4	pass down	受け継ぐ；伝える	1
1014	4	patterns of land use	土地利用のパターン	1
1019	4	periods	期間；時代；句点（ピリオド）	1
1024	4	persistent	しつこい；持続する；粘り強い	1
1029	4	photons	光子	1
1034	4	plant reproduction	植物の繁殖	1
1039	4	pleasing	心地よい、満足させる	1
1044	4	policymakers	政策立案者	1
1049	4	pollution	汚染	1
1054	4	power(動力を与える)	動力を与える；駆動する	1
1059	4	preconception	先入観、先入見	1
1064	4	prehistoric	先史時代の；有史以前の	1
1069	4	preserved	保持された；保存された	1
1074	4	previously	以前に；前もって	1
1079	4	procedures	手順；手続き	1
1084	4	proliferation	急増；拡散	1
1089	4	property(性質)	性質；特性；所有物	1
1094	4	pull away	離れる；引き離す	1
1099	4	purity	純粋さ；純度	1
1104	4	rarely	めったに〜ない	1
1109	4	reception	受信；受付；反応	1
1114	4	recognize familiar faces	見慣れた顔を認識する；知った顔だと分かる	1
1119	4	refund	返金；払い戻す	1
1124	4	reimbursements	返金；払い戻し	1
1129	4	relieve	和らげる；軽減する	1
1134	4	remains	遺物；残り	1
1139	4	repelling	はじく；反発する	1
1144	4	represented	表した；示した；代表した	1
1149	4	resilience	回復力；適応力	1
1154	4	responsible	責任がある；責任を負う	1
1159	4	retrieval	取り戻し、回収	1
1164	4	rightful owner	正当な所有者	1
1169	4	rodent	げっ歯類	1
1174	4	rubber	ゴム	1
1179	4	scent of	〜の香り	1
1184	4	seek	探し求める；追求する	1
1189	4	sense of	〜の感覚；〜という意識	1
1194	4	separate	分ける；分離した	1
1199	4	set bricks	レンガを据える	1
1204	4	shaping	形成している、形作っている	1
1209	4	sign-up sheet	参加申込表	1
1214	4	slippery	滑りやすい；つるつるした	1
1219	4	so far	これまでのところ	1
1224	4	sour	酸っぱい；酸性の	1
1229	4	spin cycle(脱水のみのコース)	脱水コース	1
1234	4	stand for peace	平和を象徴する；平和の立場を示す	1
1239	4	stick with	固執する；続ける	1
1244	4	stop by	立ち寄る	1
1249	4	stud	ちりばめる；鋲	1
1254	4	subtle changes	わずかな変化	1
1259	4	surrounded	囲まれた	1
1264	4	suspended	一時停止された；保留された	1
1269	4	synchronize	同期させる；同調させる	1
1274	4	taken by	〜によって撮られた／取られた	1
1279	4	tendency	傾向；性向	1
1284	4	The human resources team	人事部	1
1289	4	thoughtful	思慮深い、よく考えられた	1
1294	4	tie	絆；結びつける	1
1299	4	tiny	とても小さい；わずかな	1
1304	4	to represent	表す；象徴する	1
1309	4	traits	特徴；特性	1
1314	4	transportation logistics	輸送物流	1
1319	4	typically	典型的には；通常は	1
1324	4	underpins	支える；基盤となる	1
1329	4	unlocking	解錠すること；解き明かすこと	1
1334	4	upstairs	上の階に；上の階の	1
1339	4	variable	変わりやすい；変数	1
1344	4	venue	会場；開催地	1
1349	4	virtues	美徳；徳	1
1354	4	voter	有権者；投票者	1
1359	4	wasteful	無駄の多い；浪費的な	1
1364	4	watering	水やり	1
1369	4	What matters is the content	重要なのは内容だ	1
1374	4	wiring	配線；配線工事	1
1379	4	work(都合が良い)	都合が良い；うまくいく	1
1384	4	yield(生み出す)	生み出す；産出する	1
5	5	avoid	避ける	4
10	5	cooperation	協力；連携	4
15	5	interactions	相互作用；交流	4
20	5	arrange	手配する；整える	3
25	5	dairy	乳製品；酪農の	3
30	5	essential	必要不可欠な；本質的な	3
35	5	molting	脱皮	3
40	5	prepare	準備する	3
45	5	substance	物質；実体	3
50	5	urgent	緊急の；差し迫った	3
55	5	absolutely	絶対に、完全に	2
60	5	allocate	割り当てる；配分する	2
65	5	appropriate	適切な；ふさわしい	2
70	5	attract	引きつける；誘引する	2
75	5	calm	落ち着いた；冷静な	2
80	5	composition	構成、構図、作文	2
85	5	confirmation	確認、確証	2
90	5	convection	対流	2
95	5	despite	〜にもかかわらず；〜を無視して	2
100	5	dominant	支配的な、優勢な	2
105	5	enabling	可能にしている；実現させる	2
110	5	equally	等しく、均等に	2
115	5	expected	予期された、当然の	2
120	5	facilities	設備、施設	2
125	5	feathery	羽毛のような；ふさふさした	2
130	5	firsthand	直接の；じかに	2
135	5	generate	生み出す；発生させる	2
140	5	handouts	配布資料	2
145	5	in charge	担当して、責任を持って	2
150	5	inferred	推論した、推測した	2
155	5	insulators	絶縁体	2
160	5	investigating	調査している	2
165	5	moisture	湿気；水分	2
170	5	Observe	観察する；気づく；守る	2
175	5	perspective	視点；見方	2
180	5	predators	捕食者	2
185	5	proper	適切な；正しい	2
190	5	reasoning	推論、論理的思考	2
195	5	relatives	親戚	2
200	5	reproduction	生殖、繁殖	2
205	5	scarce	不足している；乏しい	2
210	5	shaped by	〜によって形作られる	2
215	5	soil erosion	土壌侵食	2
220	5	take place	起こる；開催される	2
225	5	tissue	組織；薄い紙	2
230	5	underlying	根底にある；基礎となる	2
235	5	wheat	小麦	2
240	5	-	（未記入）	1
245	5	abandon otherwise productive	本来は生産的な〜を放棄する	1
250	5	accommodate	収容する；便宜を図る	1
255	5	accumulation	蓄積；堆積	1
260	5	adaptation	適応；適応形質	1
265	5	adjustment	調整；適応	1
270	5	aesthetic	美的な；美学	1
275	5	aim to	〜することを目指す	1
280	5	allergy	アレルギー	1
285	5	Alpine	高山の；アルプスの	1
290	5	ancient	古代の；非常に古い	1
295	5	anywhere	どこでも、どこかに	1
300	5	application of color	色の使い方、色彩の適用	1
305	5	approved	承認された；認可された	1
310	5	arrangements	取り決め；配置	1
315	5	As it turns out	結果的に；実際のところ	1
320	5	aspect of	〜の側面	1
325	5	atoms	原子	1
330	5	attire	服装；衣装	1
335	5	baking soda	重曹	1
340	5	base(塩基)	塩基；アルカリ性物質	1
345	5	be part of	〜の一部である；〜に参加している	1
350	5	belongings	所持品；持ち物	1
355	5	biodiversity	生物多様性	1
360	5	bring people together	人々を結びつける	1
365	5	built-in	内蔵の；組み込みの	1
370	5	by combining	組み合わせることで；〜を組み合わせて	1
375	5	canals	運河；水路	1
380	5	carpool	相乗り；相乗りする	1
385	5	celebrity	有名人、著名人	1
390	5	cemented	固められた；結びつきを強めた	1
395	5	channels	水路；通路；経路	1
400	5	chrysalis	さなぎ	1
405	5	circumstances	状況；事情	1
410	5	clarify	明確にする；はっきりさせる	1
415	5	climates	気候（複数）；気候帯	1
420	5	coastal	沿岸の	1
425	5	cold symptom	風邪の症状	1
430	5	combining with	〜と組み合わせること；〜と併用して	1
435	5	committee	委員会	1
440	5	complex	複雑な	1
445	5	comprehending	理解している；把握している	1
450	5	conduct or resist	伝導するか抵抗するか	1
455	5	confident	自信のある；確信している	1
460	5	confuse	混乱させる、混同する	1
465	5	conserve	保全する、節約する	1
470	5	considering just wearing	ただ着るだけにしようかと考えて	1
475	5	containers	容器；入れ物	1
480	5	Continental drift	大陸移動説	1
485	5	conventional	従来の、慣習的な	1
490	5	coordination	調整；連携	1
495	5	crop yields	作物収量	1
500	5	crustaceans	甲殻類	1
505	5	current pass	電流が流れること	1
510	5	day trip	日帰り旅行	1
515	5	decipher	解読する；読み解く	1
520	5	deepen	深める	1
525	5	demand	需要；要求	1
530	5	depart	出発する；去る	1
535	5	depicting	描写している	1
540	5	destination	目的地	1
545	5	dig	掘る	1
550	5	disagreement	意見の不一致；対立	1
555	5	dispersal	拡散；分散	1
560	5	disruption	混乱；中断	1
565	5	distinctive	独特の；際立った	1
570	5	distributed	分散した；配布された	1
575	5	division	分割；部門	1
580	5	draw	描く；引く；惹きつける	1
585	5	drinking water	飲み水；飲用水	1
590	5	durability	耐久性	1
595	5	ecdysis	脱皮	1
600	5	efficiently	効率的に	1
605	5	elements	要素；元素	1
610	5	emissions	排出物；排出	1
615	5	enable	可能にする；できるようにする	1
620	5	engraving	彫刻；彫り込み	1
625	5	enormous amounts of	莫大な量の	1
630	5	enzymes	酵素	1
635	5	essential for growing crops	作物の栽培に不可欠な	1
640	5	eventually	最終的に；やがて	1
645	5	exactly	正確に、まさに	1
650	5	exchange	交換する；やり取り	1
655	5	existing	既存の；現存する	1
660	5	expectation	期待；予想	1
665	5	experts	専門家たち	1
670	5	exposure	さらされること；露出；接触	1
675	5	extracurricular	課外の；課外活動の	1
680	5	facilities office	施設管理室	1
685	5	fairer	より公平な、より公正な	1
690	5	feedback	フィードバック；意見	1
695	5	fethers (feathers)	羽；羽毛	1
700	5	find out	見つけ出す；知る	1
705	5	flooding	洪水；浸水	1
710	5	for more info	詳細は；詳しくは	1
715	5	forest plants	森林植物	1
720	5	fostered trust	信頼を育んだ	1
725	5	fragments	破片；断片	1
730	5	fuel savings	燃料節約	1
735	5	gain certificate	証明書を取得する	1
740	5	geological	地質学の；地質の	1
745	5	govern	支配する；左右する	1
750	5	groceries	食料品	1
755	5	half past	〜時30分（半）	1
760	5	harm	害；危害を加える	1
765	5	have it handled	それを対応してもらう；処理してもらう	1
770	5	heart rate	心拍数	1
775	5	highlights	強調する、目立たせる	1
780	5	hormones	ホルモン	1
785	5	humidity	湿度；湿気	1
790	5	I wish I could	できればそうしたいのですが（実際は難しい）	1
795	5	impede	妨げる；阻害する	1
800	5	in order to	～するために	1
805	5	incorrect	正しくない；不正確な	1
810	5	infancy	乳児期、初期段階	1
815	5	ingestion	摂取；飲み込み	1
820	5	initiate	開始する；引き起こす	1
825	5	insight for	〜への洞察；〜に関する理解	1
830	5	instead of	〜の代わりに	1
835	5	insulating	断熱する；絶縁する	1
840	5	interaction	相互作用；交流	1
845	5	introduce	導入する；紹介する	1
850	5	invited	招待した；招いた	1
855	5	iron	鉄	1
860	5	jet-lagged	時差ぼけの	1
865	5	kinetic	運動の；動的な；運動エネルギーの	1
870	5	last(続く)	続く；持続する	1
875	5	latest	最新の；直近の	1
880	5	Leaves	葉	1
885	5	lie	横たわる；位置する；うそをつく；うそ	1
890	5	light exposure	光への曝露；光を浴びること	1
895	5	lipid	脂質；油脂	1
900	5	look into	調査する；詳しく調べる	1
905	5	made mainly of	主に〜でできている	1
910	5	make an appointment	予約を取る；約束を取りつける	1
915	5	manipulate	操る；操作する	1
920	5	matter	問題である；重要である；事柄	1
925	5	melt	溶ける；溶かす	1
930	5	Meteorologists	気象学者たち	1
935	5	molecule	分子	1
940	5	mortar	モルタル；接着材	1
945	5	musical notes	音符；音階上の音	1
950	5	neutralize	中和する；無効化する	1
955	5	not up for	〜する気がない；〜する元気がない	1
960	5	notified	通知された；知らされた	1
965	5	obligations	義務；責任；恩義	1
970	5	often leading to reduced	しばしば減少した〜につながる	1
975	5	opportunite (opportunity)	機会	1
980	5	order	順序；命令；秩序	1
985	5	organized	組織化された；整然とした	1
990	5	outer shell	外殻；外側の殻	1
995	5	oversee	監督する；管理する	1
1000	5	paper jams	紙詰まり	1
1005	5	parlor	応接室；店（〜パーラー）	1
1010	5	pass from	〜から受け継がれる；〜から移る	1
1015	5	payment for	〜への支払い	1
1020	5	peripheral	周辺の；末梢の	1
1025	5	petals	花びら	1
1030	5	photosynthesis	光合成	1
1035	5	planting	植えること；植栽	1
1040	5	plenty of	たくさんの	1
1045	5	Political	政治の；政治的な	1
1050	5	polystyrene	ポリスチレン	1
1055	5	practices(実際に行う)	実践する；実際に行う	1
1060	5	predating	〜より前に存在すること；先行すること	1
1065	5	prepare for	〜に備える；準備する	1
1070	5	prevailing	一般的な、優勢な	1
1075	5	principle	原理；原則；主義	1
1080	5	process	過程；処理する	1
1085	5	prominent	著名な；目立つ	1
1090	5	prosperity	繁栄；成功	1
1095	5	pulp	果肉；やわらかい繊維質	1
1100	5	pursuit	追求；遂行	1
1105	5	reach	到達する；届く	1
1110	5	receptive	受け入れやすい；受容性のある	1
1115	5	recognizing	認識している；見分けている	1
1120	5	regeneration	再生；再生能力	1
1125	5	reinforcing	強化すること；補強すること	1
1130	5	relocated	移転した；移された	1
1135	5	remarkable navigation	驚くべき航行能力	1
1140	5	replaced	置き換えられた；補充された	1
1145	5	required	必要とされる、必須の	1
1150	5	resilient	回復力のある；しなやかな	1
1155	5	restoration	復元；回復	1
1160	5	reveals	明らかにする；示す	1
1165	5	rigid	硬い；硬直した	1
1170	5	rodents	げっ歯類	1
1175	5	rusts	さびる	1
1180	5	scents	香り；におい	1
1185	5	seek to do	〜しようと努める	1
1190	5	sense of belonging	所属感	1
1195	5	series（直列）	系列；連続；（電気）直列	1
1200	5	several	いくつかの；数人の	1
1205	5	shed	脱ぎ捨てる；落とす	1
1210	5	signaled	合図した、信号を送った	1
1215	5	slot(時間枠)	時間枠；予約枠	1
1220	5	soil	土壌；土	1
1225	5	span(貫通)	貫通する；またがる	1
1230	5	spinal cord	脊髄	1
1235	5	states	述べる；国家；状態	1
1240	5	sticks(ひっつく)	くっつく；貼りつく	1
1245	5	strangers	見知らぬ人々	1
1250	5	student union	学生自治会；学生組合	1
1255	5	subtly	微妙に；それとなく	1
1260	5	surroundings	周囲の環境	1
1265	5	sustain	維持する；支える	1
1270	5	tail	尾部；末端	1
1275	5	taken together	総合すると	1
1280	5	terms and conditions	利用規約；契約条件	1
1285	5	the upper layer of soil	土壌の上層	1
1290	5	threat	脅威、脅し	1
1295	5	tie to	～に結びつける；～に関連づける	1
1300	5	tips	ヒント；助言	1
1305	5	too busy to	～するには忙しすぎる	1
1310	5	transaction	取引	1
1315	5	trap(出て来れなくする、閉じ込める)	閉じ込める；わなにかける	1
1320	5	ultraviolet radiation	紫外線放射	1
1325	5	uneven	不均一な；でこぼこの	1
1330	5	unplug	プラグを抜く	1
1335	5	urban	都市の；都会の	1
1340	5	variables	変数；変動要因	1
1345	5	verified	検証された、確認された	1
1350	5	visible	目に見える；明らかな	1
1355	5	voting	投票（行為）	1
1360	5	watch out for	〜に注意する、警戒する	1
1365	5	wear light(軽装)	軽装をする；薄着をする	1
1370	5	When wind or water	風または水が〜するとき	1
1375	5	without involving	〜を伴わずに；〜を関与させずに	1
1380	5	wound	傷；負傷	1